OTC_HETI_20240802.pdf	Rövid név            ISIN azonosító   Névérték (e Ft)   Vételár (e Ft)   Átlagár/árfolyam   Minimális   Maximális   Tételszám Összesítő a KELER Zrt-n keresztül lebonyolított tőzsdén kívüli (OTC) értékpapír forgalomról  2024.07.29 - 2024.08.04 Befektetési jegy     ISIN azonosító   Névérték (e Ft)   Vételár (e Ft)   Átlagár/árfolyam   Minimális   Maximális   Tételszám VIG Smart Money      HU0000708169     28.461            53.9             1.892485           1.890359    1.89461     2.0 Befektetési Alapok Alapja A sorozatú Befektetési jegy  
OTC_HETI_20240830.pdf	Rövid név            ISIN azonosító   Névérték (e Ft)   Vételár (e Ft)   Átlagár/árfolyam   Minimális   Maximális   Tételszám Összesítő a KELER Zrt-n keresztül lebonyolított tőzsdén kívüli (OTC) értékpapír forgalomról  2024.08.26 - 2024.09.01 Befektetési jegy     ISIN azonosító   Névérték (e Ft)   Vételár (e Ft)   Átlagár/árfolyam   Minimális   Maximális   Tételszám VIG Ózon Alap A    HU0000705157       351.661           732.341          2.082647           2.082429    2.082988    3.0 sorozatú befektetési jegy VIG Tempó Allegro HU0000714159        13290.846         22387.5          1.68443            1.68443     1.68443     1.0 10 Alapokba 
OTC_HETI_20240906.pdf	Rövid név            ISIN azonosító   Névérték (e Ft)   Vételár (e Ft)   Átlagár/árfolyam   Minimális   Maximális   Tételszám Összesítő a KELER Zrt-n keresztül lebonyolított tőzsdén kívüli (OTC) értékpapír forgalomról  2024.09.02 - 2024.09.08 Befektetési jegy     ISIN azonosító   Névérték (e Ft)   Vételár (e Ft)   Átlagár/árfolyam   Minimális   Maximális   Tételszám VIG Ózon Alap A      HU0000705157     1811.502          3776.259         2.084745           2.083724    2.085695    3.0 sorozatú befektetési jegy VIG Smart Money      HU0000708169     15.625            29.801           1.907264           1.907264    1.907264    1.0 Befektetési Alapok 
OTC_HETI_20240913.pdf	Rövid név            ISIN azonosító   Névérték (e Ft)   Vételár (e Ft)   Átlagár/árfolyam   Minimális   Maximális   Tételszám Összesítő a KELER Zrt-n keresztül lebonyolított tőzsdén kívüli (OTC) értékpapír forgalomról  2024.09.09 - 2024.09.15 Befektetési jegy     ISIN azonosító   Névérték (e Ft)   Vételár (e Ft)   Átlagár/árfolyam   Minimális   Maximális   Tételszám VIG Smart Money      HU0000708169     1985.465          3789.789         1.908863           1.907107    1.910135    5.0 Befektetési Alapok Alapja A sorozatú Befektetési jegy  
OTC_HETI_20240920.pdf	Rövid név           ISIN azonosító   Névérték (e Ft)   Vételár (e Ft)   Átlagár/árfolyam   Minimális   Maximális   Tételszám Összesítő a KELER Zrt-n keresztül lebonyolított tőzsdén kívüli (OTC) értékpapír forgalomról  2024.09.16 - 2024.09.22 Befektetési jegy    ISIN azonosító   Névérték (e Ft)   Vételár (e Ft)   Átlagár/árfolyam   Minimális   Maximális   Tételszám VIG Ózon Alap A    HU0000705157      239.937           499.998          2.083872           2.083872    2.083872    1.0 sorozatú befektetési jegy VIG Smart Money HU0000708169         2052.295          3925.342         1.912249           1.910933    1.912865    5.0 Befektetési Alapok 
OTC_HETI_20241004.pdf	Rövid név            ISIN azonosító   Névérték (e Ft)   Vételár (e Ft)   Átlagár/árfolyam   Minimális   Maximális   Tételszám Összesítő a KELER Zrt-n keresztül lebonyolított tőzsdén kívüli (OTC) értékpapír forgalomról  2024.09.30 - 2024.10.06 Befektetési jegy     ISIN azonosító   Névérték (e Ft)   Vételár (e Ft)   Átlagár/árfolyam   Minimális   Maximális   Tételszám VIG Smart Money      HU0000708169     20.7              39.806           1.922718           1.92216     1.923275    2.0 Befektetési Alapok Alapja A sorozatú Befektetési jegy  
OTC_HETI_20241011.pdf	Rövid név           ISIN azonosító   Névérték (e Ft)   Vételár (e Ft)   Átlagár/árfolyam   Minimális   Maximális   Tételszám Összesítő a KELER Zrt-n keresztül lebonyolított tőzsdén kívüli (OTC) értékpapír forgalomról  2024.10.07 - 2024.10.13 Befektetési jegy    ISIN azonosító   Névérték (e Ft)   Vételár (e Ft)   Átlagár/árfolyam   Minimális   Maximális   Tételszám VIG Smart Money HU0000708169         111.735           214.996          1.924212           1.923351    1.926162    4.0 Befektetési Alapok Alapja A sorozatú Befektetési jegy  
OTC_HETI_20241018.pdf	Rövid név             ISIN azonosító   Névérték (e Ft)   Vételár (e Ft)   Átlagár/árfolyam   Minimális   Maximális    Tételszám Összesítő a KELER Zrt-n keresztül lebonyolított tőzsdén kívüli (OTC) értékpapír forgalomról  2024.10.14 - 2024.10.20 Befektetési jegy      ISIN azonosító   Névérték (e Ft)   Vételár (e Ft)   Átlagár/árfolyam   Minimális   Maximális    Tételszám VIG Smart Money HU0000708169           400.825           772.297          1.926131           1.924207    1.927101     3.0 Befektetési Alapok Alapja A sorozatú Befektetési jegy  
OTC_HETI_20241101.pdf	Rövid név            ISIN azonosító   Névérték (e Ft)   Vételár (e Ft)   Átlagár/árfolyam   Minimális   Maximális   Tételszám Összesítő a KELER Zrt-n keresztül lebonyolított tőzsdén kívüli (OTC) értékpapír forgalomról  2024.10.28 - 2024.11.03 Befektetési jegy     ISIN azonosító   Névérték (e Ft)   Vételár (e Ft)   Átlagár/árfolyam   Minimális   Maximális   Tételszám VIG Smart Money HU0000708169          1005.849          1938.437         1.926813           1.925051    1.927894    4.0 Befektetési Alapok Alapja A sorozatú Befektetési jegy  
OTC_HETI_20241122.pdf	Rövid név             ISIN azonosító   Névérték (e Ft)   Vételár (e Ft)   Átlagár/árfolyam   Minimális   Maximális   Tételszám Összesítő a KELER Zrt-n keresztül lebonyolított tőzsdén kívüli (OTC) értékpapír forgalomról  2024.11.18 - 2024.11.24 Befektetési jegy      ISIN azonosító   Névérték (e Ft)   Vételár (e Ft)   Átlagár/árfolyam   Minimális   Maximális   Tételszám VIG Smart Money       HU0000708169     1935.65           3734.443         1.929396           1.927337    1.931421    7.0 Befektetési Alapok Alapja A sorozatú Befektetési jegy  
OTC_HETI_20241129.pdf	Rövid név             ISIN azonosító   Névérték (e Ft)   Vételár (e Ft)   Átlagár/árfolyam   Minimális   Maximális    Tételszám Összesítő a KELER Zrt-n keresztül lebonyolított tőzsdén kívüli (OTC) értékpapír forgalomról  2024.11.25 - 2024.12.01 Befektetési jegy      ISIN azonosító   Névérték (e Ft)   Vételár (e Ft)   Átlagár/árfolyam   Minimális   Maximális    Tételszám VIG Smart Money HU0000708169           53.597            103.65           1.933654           1.932741    1.934429     4.0 Befektetési Alapok Alapja A sorozatú Befektetési jegy  
OTC_HETI_20241208.pdf	Rövid név            ISIN azonosító   Névérték (e Ft)   Vételár (e Ft)   Átlagár/árfolyam   Minimális   Maximális   Tételszám Összesítő a KELER Zrt-n keresztül lebonyolított tőzsdén kívüli (OTC) értékpapír forgalomról  2024.12.02 - 2024.12.08 Befektetési jegy     ISIN azonosító   Névérték (e Ft)   Vételár (e Ft)   Átlagár/árfolyam   Minimális   Maximális   Tételszám VIG Ózon Alap A      HU0000705157     59.969            125.12           2.086411           2.086411    2.086411    1.0 sorozatú befektetési jegy VIG Smart Money      HU0000708169     2201.729          4278.718         1.940397           1.934458    1.943843    3.0 Befektetési Alapok 
OTC_HETI_20241214.pdf	Rövid név            ISIN azonosító   Névérték (e Ft)   Vételár (e Ft)   Átlagár/árfolyam   Minimális   Maximális   Tételszám Összesítő a KELER Zrt-n keresztül lebonyolított tőzsdén kívüli (OTC) értékpapír forgalomról  2024.12.09 - 2024.12.15 Befektetési jegy     ISIN azonosító   Névérték (e Ft)   Vételár (e Ft)   Átlagár/árfolyam   Minimális   Maximális   Tételszám VIG Ózon Alap A      HU0000705157     62.907            131.267          2.086685           2.086679    2.086691    2.0 sorozatú befektetési jegy VIG Smart Money      HU0000708169     666.764           1298.089         1.949673           1.946332    1.951698    4.0 Befektetési Alapok 
OTC_HETI_20250103.pdf	Rövid név             ISIN azonosító   Névérték (e Ft)   Vételár (e Ft)   Átlagár/árfolyam   Minimális   Maximális   Tételszám Összesítő a KELER Zrt-n keresztül lebonyolított tőzsdén kívüli (OTC) értékpapír forgalomról  2024.12.30 - 2025.01.05 Befektetési jegy      ISIN azonosító   Névérték (e Ft)   Vételár (e Ft)   Átlagár/árfolyam   Minimális   Maximális   Tételszám VIG Smart Money HU0000708169           15.476            30.001           1.93855            1.93855     1.93855     1.0 Befektetési Alapok Alapja A sorozatú Befektetési jegy  
OTC_HETI_20250110.pdf	Rövid név           ISIN azonosító   Névérték (e Ft)   Vételár (e Ft)   Átlagár/árfolyam   Minimális   Maximális   Tételszám Összesítő a KELER Zrt-n keresztül lebonyolított tőzsdén kívüli (OTC) értékpapír forgalomról  2025.01.06 - 2025.01.12 Befektetési jegy    ISIN azonosító   Névérték (e Ft)   Vételár (e Ft)   Átlagár/árfolyam   Minimális   Maximális   Tételszám VIG Ózon Alap A    HU0000705157      9308.821          19499.997        2.094787           2.094787    2.094787    1.0 sorozatú befektetési jegy VIG Smart Money HU0000708169         33.396            64.998           1.94628            1.946277    1.946283    2.0 Befektetési Alapok 
OTC_HETI_20250117.pdf	Rövid név             ISIN azonosító   Névérték (e Ft)   Vételár (e Ft)   Átlagár/árfolyam   Minimális   Maximális   Tételszám Összesítő a KELER Zrt-n keresztül lebonyolított tőzsdén kívüli (OTC) értékpapír forgalomról  2025.01.13 - 2025.01.19 Befektetési jegy      ISIN azonosító   Névérték (e Ft)   Vételár (e Ft)   Átlagár/árfolyam   Minimális   Maximális   Tételszám VIG Ózon Alap A       HU0000705157     500.0             1047.653         2.095306           2.095306    2.095306    1.0 sorozatú befektetési jegy VIG Smart Money       HU0000708169     36.019            69.998           1.942529           1.941359    1.943698    2.0 Befektetési Alapok 
OTC_HETI_20250124.pdf	Rövid név           ISIN azonosító   Névérték (e Ft)   Vételár (e Ft)   Átlagár/árfolyam   Minimális   Maximális   Tételszám Összesítő a KELER Zrt-n keresztül lebonyolított tőzsdén kívüli (OTC) értékpapír forgalomról  2025.01.20 - 2025.01.26 Befektetési jegy    ISIN azonosító   Névérték (e Ft)   Vételár (e Ft)   Átlagár/árfolyam   Minimális   Maximális   Tételszám VIG Ózon Alap A    HU0000705157      19129.42          40099.129        2.096215           2.096202    2.096227    2.0 sorozatú befektetési jegy VIG Smart Money HU0000708169         12.801            24.999           1.952842           1.952753    1.95293     2.0 Befektetési Alapok 
OTC_HETI_20250131.pdf	Rövid név           ISIN azonosító   Névérték (e Ft)   Vételár (e Ft)   Átlagár/árfolyam   Minimális   Maximális   Tételszám Összesítő a KELER Zrt-n keresztül lebonyolított tőzsdén kívüli (OTC) értékpapír forgalomról  2025.01.27 - 2025.02.02 Befektetési jegy    ISIN azonosító   Névérték (e Ft)   Vételár (e Ft)   Átlagár/árfolyam   Minimális   Maximális   Tételszám VIG Social Trend   HU0000733035      930.664           1079.196         1.159598           1.159598    1.159598    1.0 ESG Részvény Befektetési Alap B sorozatú Befektetési jegy 
OTC_HETI_20250207.pdf	Rövid név           ISIN azonosító   Névérték (e Ft)   Vételár (e Ft)   Átlagár/árfolyam   Minimális   Maximális    Tételszám Összesítő a KELER Zrt-n keresztül lebonyolított tőzsdén kívüli (OTC) értékpapír forgalomról  2025.02.03 - 2025.02.09 Befektetési jegy    ISIN azonosító   Névérték (e Ft)   Vételár (e Ft)   Átlagár/árfolyam   Minimális   Maximális    Tételszám VIG Social Trend   HU0000733035      1016.369          1188.029         1.167931           1.16677     1.169091     2.0 ESG Részvény Befektetési Alap B sorozatú Befektetési jegy 
OTC_HETI_20250214.pdf	Rövid név           ISIN azonosító   Névérték (e Ft)   Vételár (e Ft)   Átlagár/árfolyam   Minimális   Maximális   Tételszám Összesítő a KELER Zrt-n keresztül lebonyolított tőzsdén kívüli (OTC) értékpapír forgalomról  2025.02.10 - 2025.02.16 Befektetési jegy    ISIN azonosító   Névérték (e Ft)   Vételár (e Ft)   Átlagár/árfolyam   Minimális   Maximális   Tételszám VIG Ózon Alap A    HU0000705157      0.48              1.007            2.097917           2.097917    2.097917    1.0 sorozatú befektetési jegy VIG Smart Money HU0000708169         83.708            165.002          1.971147           1.97109     1.971203    2.0 Befektetési Alapok 
OTC_HETI_20250228.pdf	Rövid név            ISIN azonosító   Névérték (e Ft)   Vételár (e Ft)   Átlagár/árfolyam   Minimális   Maximális   Tételszám Összesítő a KELER Zrt-n keresztül lebonyolított tőzsdén kívüli (OTC) értékpapír forgalomról  2025.02.24 - 2025.03.02 Befektetési jegy     ISIN azonosító   Névérték (e Ft)   Vételár (e Ft)   Átlagár/árfolyam   Minimális   Maximális   Tételszám VIG Smart Money      HU0000708169     2242.578          4434.125         1.979843           1.977209    1.985112    3.0 Befektetési Alapok Alapja A sorozatú Befektetési jegy  
OTC_HETI_20250307.pdf	Rövid név           ISIN azonosító   Névérték (e Ft)   Vételár (e Ft)   Átlagár/árfolyam   Minimális   Maximális   Tételszám Összesítő a KELER Zrt-n keresztül lebonyolított tőzsdén kívüli (OTC) értékpapír forgalomról  2025.03.03 - 2025.03.09 Befektetési jegy    ISIN azonosító   Névérték (e Ft)   Vételár (e Ft)   Átlagár/árfolyam   Minimális   Maximális   Tételszám VIG Smart Money HU0000708169         231.748           456.931          1.975776           1.970718    1.982901    3.0 Befektetési Alapok Alapja A sorozatú Befektetési jegy  
OTC_HETI_20250314.pdf	Rövid név            ISIN azonosító   Névérték (e Ft)   Vételár (e Ft)   Átlagár/árfolyam   Minimális   Maximális   Tételszám Összesítő a KELER Zrt-n keresztül lebonyolított tőzsdén kívüli (OTC) értékpapír forgalomról  2025.03.10 - 2025.03.16 Befektetési jegy     ISIN azonosító   Névérték (e Ft)   Vételár (e Ft)   Átlagár/árfolyam   Minimális   Maximális   Tételszám VIG Ózon Alap A      HU0000705157     1462.223          3069.904         2.099477           2.099477    2.099477    1.0 sorozatú befektetési jegy VIG Smart Money      HU0000708169     618.193           1217.903         1.972006           1.969634    1.973554    3.0 Befektetési Alapok 
OTC_HETI_20250321.pdf	Rövid név           ISIN azonosító   Névérték (e Ft)   Vételár (e Ft)   Átlagár/árfolyam   Minimális   Maximális   Tételszám Összesítő a KELER Zrt-n keresztül lebonyolított tőzsdén kívüli (OTC) értékpapír forgalomról  2025.03.17 - 2025.03.23 Befektetési jegy    ISIN azonosító   Névérték (e Ft)   Vételár (e Ft)   Átlagár/árfolyam   Minimális   Maximális   Tételszám VIG Social Trend   HU0000733035      0.452             0.477            1.05531            1.05531     1.05531     1.0 ESG Részvény Befektetési Alap B sorozatú Befektetési jegy 
OTC_HETI_20250430.pdf	Rövid név             ISIN azonosító   Névérték (e Ft)   Vételár (e Ft)   Átlagár/árfolyam   Minimális   Maximális   Tételszám Összesítő a KELER Zrt-n keresztül lebonyolított tőzsdén kívüli (OTC) értékpapír forgalomról  2025.04.28 - 2025.05.04 Befektetési jegy      ISIN azonosító   Névérték (e Ft)   Vételár (e Ft)   Átlagár/árfolyam   Minimális   Maximális   Tételszám VIG Smart Money       HU0000708169     59.537            119.999          2.015531           2.015519    2.015542    2.0 Befektetési Alapok Alapja A sorozatú Befektetési jegy  
OTC_HETI_20250509.pdf	                                  MNB IDŐSZAKI HETI RIPORT Rövid név            ISIN azonosító   Névérték (e Ft)   Vételár (e Ft)   Átlagár/árfolyam   Minimális   Maximális   Tételszám Összesítő a KELER Zrt-n keresztül lebonyolított tőzsdén kívüli (OTC) értékpapír forgalomról  2025.05.05 - 2025.05.11 Befektetési jegy     ISIN azonosító   Névérték (e Ft)   Vételár (e Ft)   Átlagár/árfolyam   Minimális   Maximális   Tételszám VIG Smart Money      HU0000708169     27.52             55.323           2.010905           2.010271    2.011538    2.0 Befektetési Alapok Alapja A sorozatú Befektetési jegy 
